{
  "version": 1,
  "author": "Pavithra S",
  "editor": "wokwi",
  "parts": [
    { "type": "wokwi-arduino-uno", "id": "uno", "top": 0.6, "left": -0.6, "attrs": {} },
    {
      "type": "wokwi-pushbutton",
      "id": "btn1",
      "top": 92.6,
      "left": -28.8,
      "attrs": { "color": "green", "xray": "1" }
    },
    {
      "type": "wokwi-pushbutton",
      "id": "btn2",
      "top": 102.2,
      "left": 345.6,
      "attrs": { "color": "green", "xray": "1" }
    },
    { "type": "wokwi-led", "id": "led1", "top": 207.6, "left": -73, "attrs": { "color": "red" } },
    {
      "type": "wokwi-led",
      "id": "led2",
      "top": 207.6,
      "left": 301.4,
      "attrs": { "color": "red" }
    }
  ],
  "connections": [
    [ "led1:C", "uno:GND.2", "green", [ "v0" ] ],
    [ "led2:C", "uno:GND.2", "violet", [ "v0" ] ],
    [ "btn2:1.l", "uno:3", "cyan", [ "h0" ] ],
    [ "btn2:2.l", "uno:GND.2", "cyan", [ "h-172.8", "v57.8" ] ],
    [ "btn1:2.l", "uno:GND.2", "yellow", [ "h0" ] ],
    [ "btn1:1.l", "uno:2", "yellow", [ "h0" ] ],
    [ "led1:A", "uno:9", "red", [ "v0" ] ],
    [ "led2:A", "uno:10", "cyan", [ "v0" ] ]
  ],
  "dependencies": {}
}